A0A1D1VU85|reviewed|Superoxide dismutase [Cu-Zn]|taxID:947166,MTRPLALIIFLVAILTNTDPSRSDAGSDPVNYLFRGPVTAVAAIAGEGEHAGIKGSLTFLQKSLDGRTVINGTISGLPEGKHGLHIVDSGDMTKGCYITTAKGHLNPFNLSHGAPSDSARHVGDLGNIYADDTGISVINLTDTVISLFPTPAFVIGRILVIHTTYDDLGRGGSPVSKVNGNAGGRLACGIISYV
A0A9X5RMD0|unreviewed|Superoxide dismutase SodC|taxID:1428,MKKRLFFSCCLLFLMAGCDQGKPKEIDVKLHNASGDEVGTAKVVQQTSGVKIKIKGEGFTPGPHGIHVHEIGECKAPRFESSGNHFNPDNKKHGLLNPKGAENGDLPNVVADGSGKIKAEIDAPHITLEEGKTTIHRKDGASIIITENPDDGMTQPTGKSGDRIACGVIVKKASDMKKK
A0AAI8HJ85|unreviewed|Superoxide dismutase [Cu-Zn] SodC2|taxID:991915,MKRFSLAILALVVATGAQAASEKVEMNLVTSQGVGQSIGSVTITETDKGLEFSPDLKALPPGEHGFHIHAKGSCQPATKDGKASAAESAGGHLDPQNTGKHEGPEGAGHLGDLPALVVNNDGKATDAVIAPRLKSLDEIKDKALMVHVGGDNMSDQPKPLGGGGERYACGVIK
A0AAI8PB29|unreviewed|Superoxide dismutase [Cu-Zn] SodC2|taxID:157782,MKRTLLLGLLASLSLGAHAASVEVPINLVSADGAPQPIGQVTISESAYGLIFTPQLSKLPAGIHGFHVHENGSCDAGVKDGKKVAALAAGGHFDPAKTGKHLGPYGDGHLGDLPALYVTTDGNATYPVLAPRIKKISEIKGKALMVHAGGDNHADMPMPLGGGGDRMACGVI
A0AAI9GB32|unreviewed|Superoxide dismutase [Cu-Zn] SodC2|taxID:1812934,MKRFALAVVTLVVCAGAQAASEEVEMNLVTSQGVGQSIGTVKITETDKGLEFAPDLKALPPGEHGFHVHAKGSCQPAMKEGKPSAAEAAGGHLDPHNSGKHEGPEGMGHLGDLPVLVVNNDGKATDPVVAPRLKKIDEVKGKALMVHVGGDNMSDQPKPLGGGGARYACGVI
A0AAI9HFI0|unreviewed|Superoxide dismutase [Cu-Zn] SodC2|taxID:546,MKRLSLAIITLLACAGAQAAIEEKVTMNLVTSQGVGQAIGTVTIAETAKGLEFSPDLKALPPGEHGFHVHMNGSCQPAIKEGKASAAESAGGHYDPQQTGKHEGPEGAGHMGDLPLLVVNNNGNATTPVIAPRLKTLDEVKGKALMIHVGGDNMSDQPKPLGGGGARYACGVIK
A0AAJ0RR71|unreviewed|Superoxide dismutase [Cu-Zn] SodC1|taxID:2610900,MKQWIIAALAGCTAMGLHAETLSVPVKAVTAQGVGESVGTVKIESSQYGLVFRPELSGLESGAHGFHIHAKGDCGPADKDGEAVAAGAAGGHWDPQNTGKHGEPWGDGHMGDLPALMVDGAGNASQPVLAPRLKSLGDIKGLALMVHKGGDNHSDHPQPLGGGGARVACGVIE
A0AAJ0ZAE7|unreviewed|Superoxide dismutase [Cu-Zn] SodC2|taxID:1812935,MKRFALAMVALVVCAGAQAASDEVEMNLVTSQGVGQSIGTVKITETDKGLEFAPNLKALPPGEHGFHVHAKGSCQPALKEGKPSAAEAAGGHLDPQHSGKHEGPEGMGHLGDLPVLVVNNDGKATDPVVAPRLKKLDEVKGKALMIHVGGDNMSDQPKPLGGGGARYACGVI
A0AAJ1FE22|unreviewed|Superoxide dismutase [Cu-Zn] SodC|taxID:2962032,MKALLFTAALATAGAAQAQTVELALVGADGSTNPVGTITLEQNQYGTLLTPDLRDLPPGLHGFHLHEQPSCAPATADGKTTPAGAAGGHWDPQQSKKHLGPYDDAGHKGDLPALYVSADGTARYPVLAPRLKAEEFKGHALMVHGGGDNHSDHPQALGGGGARIACGVVQ
A0AAJ1N2L4|unreviewed|Superoxide dismutase [Cu-Zn] SodC|taxID:588,MKFKMCLLAGLLTAFAANAAETTVVLKEATPQGEGKAIGEVVISETDYGLLFTPKLAGLEAGIHGFHIHENPSCEPAEKDGKSVPALKAGGHMDPAKTGVHKGPYDNTGHLGDLPGLVVDAKGNADYAVLAPRLKTLKEIENRALMVHAGGDNYSDHPEALGGGGARMACGVIK
A0AAJ1NG62|unreviewed|Superoxide dismutase [Cu-Zn] SodC2|taxID:1639133,MKRLSLAIITLLACAGAQAASEEKVTMNLVTSQGVGQAIGTVTIAETAKGLEFTPDLKALPPGEHGFHVHMNGSCQPAIKDGKASAAESAGGHYDPHQTGKHEGPEGAGHMGDLPLLVVNNDGNAATPVVAPRLKTLDEVKGKALMIHVGGDNMSDQPKPLGGGGARYACGVIK
A0AAJ1PDB4|unreviewed|Superoxide dismutase [Cu-Zn] SodC|taxID:3044232,MFNKIGAVCALTAFFTVGCSSVTKTVSDTAQALTTMHTKKVVDVNEVTAAGIGKKLGTISFQDSDKGLIITPALADLPSGTRGFHIHENASCEPAVKDGKPGAALAAGSHYNPNQAPHHGTPTTGHLGDLPALVVDNTGVATTAVIAPRLKLADLQGRAIMIHAGGDNYSDSPLPLGGGGARIACGVIK
A0AAJ2D540|unreviewed|Superoxide dismutase [Cu-Zn] SodC|taxID:47917,MKRYWCAALGLMACGVAQAATVDVEMNLVTGQGIGQDIGKITISETPYGLLFTPQLKALPAGVHGFHVHEKGSCEPGMKEGKAVAALAAGGHFDPAKTGKHLGPYDANGHLGDLPAIYVTADGMADTQVLAPRLKKISEIEGKALMVHAGGDNHSDQPKPLGGGGDRFACGVIK
A0AAJ2D679|unreviewed|Superoxide dismutase [Cu-Zn] SodC|taxID:40214,MLSSAFKLSALVTLIGLGTVACTTTPTETNTMVKDVDVHAVSTAGVGQKIGTIRFIDSPVGLAIQTNLTQLPPGPHGFHIHEKGSCDVAEKEGKPVAALAAGGHFNPEKAPNHGTPLNGHMGDLPILNVDSAGNAKVNLLAPRLSLADVEDLAVMVHAGGDNYSDTPKPLGGGGDRIACGVIK
A0AAJ2H2Q6|unreviewed|Superoxide dismutase [Cu-Zn] SodC|taxID:863372,MKRRIAQLALLACASAASAAMAAEAPLKVALNLVNAQGVASPAGEVTISETPYGLLFQPALSGLPAGVHGFHVHQNASCAPLEKDGKMEPALAAGGHWDPQKTGKHEGPYGEGHLGDLPALYVTADGKAENPVLAPRLKTLAEVRGHALMVHVGGDNHSDHPAPLGGGGVRLACGVIQ
A0AAJ2KFG3|unreviewed|Superoxide dismutase [Cu-Zn] SodC|taxID:3079590,MKPHLWLGLLGVFSLSVQAASLDVPINLVSADGAPKPVGNVTVSETQYGLLFTPNLKDLPAGIHGFHVHENGSCEAGTKDGKKVAALAAGGHFDPAKTGKHLGPYADGHLGDLPALYVNADGTANYPVLAPRLKKISEIKGHALMVHAGGDNHSDHPAPLGGGGDRAACGVI
A0AAJ2KPR2|unreviewed|Superoxide dismutase [Cu-Zn] SodC|taxID:3079795,MKRFVLALVTLVVCAGAQAASDEVEMNLVTSQGVGQSIGTVKITETDKGLEFAPNLKALPPGEHGFHVHANGSCQPALKEGKASAAESAGGHFDPQHSGKHEGPNGMGHLGDLPVLVVNNDGKATDPVVAPRLKKLAEIKGKALMIHVGGDNMSDQPKPLGGGGVRYACGVI
A0AAJ2M9Y0|unreviewed|Superoxide dismutase [Cu-Zn] SodC|taxID:2962585,MSSLFKITTLCALSAALFTGCASTSPSNEVVRAVTVNAVTAQGVSQEIGTVLLSDSPAGLVIRTNLKQLPAGERGFHIHENGSCAPAMKDGKMGAALAAGSHYNPNQAPHHGTPVTGHLGDLPALKVNTDGTARVTLLAPRLKLADVQGRAIMVHAGGDNYSDNPLPLGGGGARIACGVI
A0AAJ2S433|unreviewed|Superoxide dismutase [Cu-Zn] SodC|taxID:3095029,MKRITLTLLTLAISTGAYAASTEVEMNLVTPQTVGQSIGEVKITETDKGLEFTPDLKALPPGEHGFHVHANGSCQPALKEGKASAAESAGGHLDPDHSGKHEGPNGMGHLGDLPVLVVNNDGKATQPVLAPRLKKLDEVKGKALMVHVGGDNMADQPKPLGGGGARFACGVIK
A0AAJ2VGY3|unreviewed|Superoxide dismutase [Cu-Zn] SodC|taxID:3094863,MKLKALILTGVFFSCSTFAAGTTVTLNEALPDGNGKALGEVSITETPYGLLFTPKLTGLTPGIHGFHVHEKSSCAAGEQDGKSVPALAAGGHLDPEKTGKHLGPYTDQGHLGDLPGLVVNADGSASYPVLAPRIKSLSEVKNHALMIHAGGDNYADSPEKLGGGGARLACGVIE
A0AAJ2VRR0|unreviewed|Superoxide dismutase [Cu-Zn] SodC|taxID:272774,MRYSLPLTGIAAGLLLATTAQANETLDVEMHKVSAEGIEQSIGTVAIEHTEHGVLLTPSLTDLEPGVYGFHVHQNASCEPAENDSGEMTAALSAGGHYDPEEAGTHQGPYGDGHLGDLPVLTVNEDGEANLPVLAPRLSMEDMPGRSLMIHAGGDTYSDDPHLGGGGARMACGVVES
A0AAJ2XVN4|unreviewed|Superoxide dismutase [Cu-Zn] SodC2|taxID:573,MQRCILAILSLAFCAGAQAVSEDVQLNLVTTQGVGQTIGSVKITETDRGLEFAPTLRALPPGKHGFHIHAEGSCQPAMKEGKAVAAGAAGGHYDPQHTGKHEGPLGAGHLGDLPLLVVNDAGVADQPSIAPRLKTLAEVKGKALMVHVGGDNMADSPQPLGGGGERFACGVIK
A0AAJ3ZJL8|unreviewed|Superoxide dismutase [Cu-Zn] SodC2|taxID:1078021,MKRFSLAILALVVATGAQAASEKVEMNLVTSQGVGQSIGSVTITETDKGLEFSPDLKALPPGEHGFHIHAKGSCQPATKDGKASAAESAGGHLDPQNTGKHEGPEGAGHLGDLPALVVNNDGKATDAVIAPRLKSLDEIKDKALMVHVGGDNMSDQPKPLGGGGERYACGVIK
A0AAJ4E3P4|unreviewed|Superoxide dismutase [Cu-Zn] SodC2|taxID:1357287,MKPHLLLGLLGVFSFGVQAASLDVPINLVSADGAPKPVGSVTVSETQYGLLFTPNLKELPAGIHGFHVHENGSCEAGTKDGKKVAALAAGGHFDPAKTGKHLGPYADGHLGDLPALYVAADGTASYPVLAPRLKKLSEIKGHALMVHAGGDNHSDHPAPLGGGGDRAACGVI
A0AAJ4FVU7|unreviewed|Superoxide dismutase [Cu-Zn] SodC2|taxID:2716879,MKRLSLAVLTLLACAGAQAASETVEMNLVTPQGVGQSIGEVTIAETENGLEFTPDLKALPPGEHGFHIHANGSCQPAIKDGKASAAESAGGHFDPHKTGKHAGPDGEGHLGDLPVLVVNDEGKAIVPVTATRLKSLNDIKDKALMIHVGGDNMSDQPKPLGGGGARFACGVIK
A0AAJ4HEE8|unreviewed|Superoxide dismutase [Cu-Zn] SodC2|taxID:546,MKRLSIAIITLLACAGAQAASEQVEMNLVTSQGVGQSIGSVIIAETAQGLTFTPDLKALPPGEHGFHVHANGSCQPAIKEGKASAAESAGGHLDPHKTGKHEGPEGAGHMGDLPLLMVNAEGNATTAVTAPRLKSLDEVKGKALMVHVGGDNMSDQPKPLGGGGARYACGVIK
A0AAJ4JKZ9|unreviewed|Superoxide dismutase [Cu-Zn] SodC2|taxID:183192,MKRFSLAILALVVATGAQAASEKVEMNLVTSQGVGQSIGSVTITETDKGLEFSPDLKALPPGEHGFHIHAKGSCQPATKDGKASAAESAGGHLDPQNTGKHEGPEGAGHLGDLPALVVNNDGKATDAVIAPRLKSLDEIKDKALMVHVGGDNMSDQPKPLGGGGERYACGVIK
A0AAJ4K971|unreviewed|Superoxide dismutase [Cu-Zn] SodC2|taxID:2714951,MKRFTLAALTLVVCAGAQAASEEVKMNLVTSGGIGQSIGTVKITETDKGLEFSPDLKALPPGEHGYHVHAKGSCEPAMKEGKPSAAEAAGGHLDPQNTGKHEGPEGMGHLGDLPALVVNNDGKATDPVVAPRLKKLDEVKGKALMIHVGGDNMSDHPKPLGGGGARYACGVI
A0AAJ5FTC1|unreviewed|Superoxide dismutase [Cu-Zn] SodC2|taxID:208223,MKRFSLAILALLTCAGAQAASEEVQMNLVTAQGVGQSVGSVKISETDKGLEFAPDLNALPPGEHGFHVHAKGSCEPAMKEGKPSAAEAAGGHLDPHKTGKHAGPEGEGHLGDLPVLVVNNDGKATDAVVAPRLKKLDEVKGKALMIHVGGDNMSDQPKPLGGGGARYACGVIK
"A0AAJ5N732|unreviewed|Superoxide dismutase [Cu-Zn],superoxide dismutase,Copper/zinc superoxide dismutase (SODC)|taxID:95485",MKQRHHGVRAGRARRALLAAAALGLLAGCTSFSSSHEKRADAQLQPTVGAQTRGAVTFVERPDGVQVTYNLVGLPPNSDHALQVHERGDCNAGDGSSAGPVFAPAADRLRAGARVAGDLGNIHADANGVATGFIVAPDLALDGVRSAMNRAALVHREPSDPAFPQHGAGAALACGVIR
A0AAJ5QFX7|unreviewed|Superoxide dismutase [Cu-Zn] SodC|taxID:2364647,MKKSVLALLLLMGGGLAASAQAQEVTLHKVSAEGIGEAIGTIDIEQTTYGLQLTPKLSGLTPGVHGFHVHASGSCEPAVSEGKKVAAGAAGGHLDPQKTFKHLGPYAEGHLGDLPAIYVDDKGNATYPVLAPRLKSLDEIKGKALMVHIGGDNHADHPLPLGGGGGRYACGVI
A0AAJ5QZV6|unreviewed|Superoxide dismutase [Cu-Zn] SodC|taxID:1259973,MQRCILAILTLAISAGAQAASENVDLNLVTSQSVGQTIGSVKISETAKGLEFTPDLKALPSGRHGFHIHANGSCQPAMKDGKAVAAGAAGGHYDPQQTGKHEGPEGRGHLGDLPVLLVNSDGKATQPVVAPRLKTLAEVRGKALMVHVGGDNMSDSPQPLGGGGERFACGVIK
A0AAJ6I9Q1|unreviewed|Superoxide dismutase [Cu-Zn] SodC|taxID:2703794,MKRYWYAALGLMACGAAQAATTDVEMHLVTGQGIGQDIGKVVISETPYGLLFTPSLKALPAGVHGFHVHEKGSCEPGMKDGKAVAALAAGGHFDPQKTGKHLGPYADGHLGDLPAIYVTADGMANYPVLAPRLKKISDIEGKALMVHAGGDNHSDHPLPLGGGGERFACGVIK
A0AAJ6MNB7|unreviewed|Superoxide dismutase [Cu-Zn] SodC|taxID:208224,MKRFALALVTLVVCAGAQAASDEVEMNLVTSQGVGQSIGTVKITETDKGLEFAPNLKALPPGEHGFHVHAKGSCQPAMKEGKPSAAEAAGGHLDPQHSGKHEGPDGMGHLGDLPVLVVNNDGKATDPVMAPRLKKLDEVKGKALMIHVGGDNMSDQPKPLGGGGARYACGVI
A0AAJ6MT45|unreviewed|Superoxide dismutase [Cu-Zn] SodC|taxID:1605838,MKSYGWLALMAAMSIGSANAASKEVQMNLVSAEGAPQPIGTVMIEETPYGLEFTPQLKSLPAGVHGFHVHANGSCAAAMKDGKMSAAEAAGGHFDPQKTGKHLGPYDAKGHLGDLPAIYVNADGTATYPVLAPRLKKLSEVEGHALMVHAGGDNHSDSPAPLGGGAARMACGVI
A0AAJ6NJG2|unreviewed|Superoxide dismutase [Cu-Zn] SodC|taxID:1776742,MTSTIQKFSLLSCLGLSIAACSSADLDHNASKIQTQSTTQEQKQLVQVYQVDAKGVGSSIGTVAFQETPKGLLITPALGKLSPGEHGFHIHENGSCEAAMKDGKMGAALAAGSHLNPNNAPHHGTPEDGHLGDLPVLVVNEKGFATTPVIAPRLKLADIQGRAIMVHVGGDNYSDSPKPLGGGGDRIACGVIK
A2QMY6|reviewed|Superoxide dismutase [Cu-Zn]|taxID:425011,MVKAVAVIRGDSKVSGTVTFEQANENTPTTISWNITGHDANAERGFHVHQFGDNTNGCTSAGPHFNPFGKTHGAPEDDERHVGDLGNFKTDAEGNAVGSKQDKLVKLIGAESVLGRTLVVHAGTDDLGRGGNEESKKTGNAGPRPACGVIGIAA
A2XGP6|reviewed|Superoxide dismutase [Cu-Zn] 1|taxID:39946,MVKAVVVLGSSEIVKGTIHFVQEGDGPTTVTGSVSGLKPGLHGFHIHALGDTTNGCMSTGPHYNPAGKEHGAPEDETRHAGDLGNVTAGEDGVANIHVVDSQIPLTGPNSIIGRAVVVHADPDDLGKGGHELSKTTGNAGGRVACGIIGLQG
A8XCP3|reviewed|Superoxide dismutase [Cu-Zn]|taxID:6238,MFMNLLSQVSNAIFPQVEAAQKMSNRAVAVLRGDVVSGTIWITQNSESDPAVIEGEIKGLTPGLHGFHVHQYGDSTNGCLSAGPHFNPFGKTHGGPNSETRHVGDLGNVEAGADGVAKVHITDKLITLYGANTVIGRSMVVHAGQDDLGQGVGDKAEESAKTGNAGARAACGVIALAAPQ
C0HK70|reviewed|Superoxide dismutase [Cu-Zn]|taxID:94328,MVKAVAVLGSSEGVKGTIYFVQEGDGPTTVTGSITGLKPGLHGFHVHALGDTTNGCMSTGPHFNPAGKEHGAPEDENRHAGDLGNATAGEDGIVTVSVVDSQIPLSGPNSIIGRAVVVHADPDDLGKGGHELSKTTGNAGGRVACGIIGLQG
E8XDJ8|reviewed|Superoxide dismutase [Cu-Zn] 1|taxID:909946,MKYTILSLVAGALISCSAMAENTLTVKMNDALSSGTGENIGEITVSETPYGLLFTPHLNGLTPGIHGFHVHTNPSCMPGMKDGKEVPALMAGGHLDPEKTGKHLGPYNDKGHLGDLPGLVVNADGTATYPLLAPRLKSLSELKGHSLMIHKGGDNYSDKPAPLGGGGARFACGVIEK
H6BDU4|reviewed|Superoxide dismutase [Cu-Zn]|taxID:9838,MALKAVCVLKGDGQVQGTIHFEQKENGPVMVSGSISGLAEGDHGFHVHQFGDNTQGCTSAGPHFNPLSKKHGGPKDQERHVGDLGNVTAGKDGVAIVSIEDPVISLSGDHSIIGRTMVVHEKPDDLGKGGNEESTKTGNAGSRLACGVIGIAQ
J9VLJ9|reviewed|Superoxide dismutase [Cu-Zn]|taxID:235443,MVKAVVVLKGESYVHGTVCFTQESENAPVCITGEIKDMDADAKRGMHVHEFGDNTNGCTSAGPHYNPFKKHHGAPTDSERHVGDLGNIQTNSCGAAQLDFSDKIISLYGPHSIIGRSLVVHASTDDLGKGGNEESLKTGNAGARLACGVIGIST
O04996|reviewed|Superoxide dismutase [Cu-Zn]|taxID:59294,MVKAVAVLSSSEGVSGTIFFSQEAEGAPTTVTGDLSGLKPGPHGFHVHALGDTTNGCMSTGPHYNPHGKDHGAPDDEHRHAGDLGNVTVGEDGTAKFTIVDKQIPLIGAQSIIGRAVVVHADPDDLGKGGHELSKTTGNAGGRVACGIIGLQG
"O04997|reviewed|Superoxide dismutase [Cu-Zn], chloroplastic|taxID:59294",MAAHCILFSSPAATTSLIFPISNPNTAVSLPSSSFHGVSLKSTINRQSLTLSAAASAAPKPLTVFAATKKAVAVLKGTSSVEGVVTLTQEEDGPTTVNVKITGLTPGPHGFHLHEFGDTTNGCISTGPHFNPNGNTHGAPEDENRHAGDLGNIIANADGVAEATIVDNQIPLTGPNAVVGRAFVVHELADDLGKGGHELSLSTGNAGGRLACGVVGLTPV
O12933|reviewed|Putative superoxide dismutase [Cu-Zn]|taxID:262177,MKAICIVAGEASGRIYFKQGAPDEPVSITGYLLNLPRGLHGFHVHEFGDTSNGCTSAGEHFNPTRQRHGAPDAAERHVGDLGNVRSAGCTALTAIHMSDNVITLFGPLSILGRSLVVHTDRDDLGLGEHPLSKTTGNSGGRLGCGIIGVCAN
O22373|reviewed|Superoxide dismutase [Cu-Zn]|taxID:4072,MVKAVAVLSSSECVSGTILFSQDGDAPTTVTGNVSGLKPGLHGFHVHALGDTTNGCMSTGPHYNPAGKEHGAPEDENRHAGDLGNITVGEDGTASFTITDEQIPLTGPQSIIGRGVVVHADPDDLGKGGHELTKTTGNAGGRVACGIIGLQG
O22668|reviewed|Superoxide dismutase [Cu-Zn]|taxID:4054,MVKAVTVLSGSGGVSGVIHFTQEEDGPTTVTGKLSGLAPGLHGFHVHALGDTTNGCLSTGPHYNPANKEHGAPEDETRHAGDLGNVTVGEDGTAEFTIVDKQIPLIGSGSIIGRAVVVHADPDDLGKGGHELSKSTGNAGGRLACGFIGLQG
O42724|reviewed|Superoxide dismutase [Cu-Zn] 1|taxID:284592,MAKAVAVLRGDSKVSGVVNFEQSSESDPTTITWEISGNDANALRGFHVHTFGDNTNGCTSAGPHFNPFTKEHGAPEDDNRHVGDLGNVTTDTSGVAKGSKQDLFVKLIGQNSILGRTVVIHAGTDDLGKGGNAESKKTGNAGARPACGVIGLSE
O46412|reviewed|Superoxide dismutase [Cu-Zn]|taxID:9860,MATKAVCVLKGDGPVQGTIRFEAKGHTVVVTGSITGLTEGDHGFHVHQFGDNTQGCTSAGPHFNPLSKKHGGPKDEERHVGDLGNVTADKNGVAKVDIVDSLISLSGEHSIIGRTMVVHEKPDDLGRGGNEESTKTGNARNRLACGVIGIAQ
O49044|reviewed|Superoxide dismutase [Cu-Zn] 2|taxID:3544,MGVIKAVAVINGNNNVKGSLQFIQDSTGVTHVKGRITGLTPGLHGFHIHALGDTTNGCNSTGPHFNPLKKDHGAPFDTERHAGDLGNVVAGADGVAEVSVRDTQIPLSGQHSILGRAVVVHADQDDLGRTGHELSKTTGNAGARVRCGIIGLQASV
O49073|reviewed|Superoxide dismutase [Cu-Zn]|taxID:70770,MVKGVAVLSSSEGVSGTIYFTQEGDGPTTVTGNVSGLKPGPHGFHVHALGDTTNGCLSTGPHFNPAGKEHGAPDDEVRHAGDLGNVTVGEDGTAAFTIVDKQIPLTGPHSIIGRAVVVHADPDDLGKGGHELSKTTGNTGGRVACGINGLQG
O59924|reviewed|Superoxide dismutase [Cu-Zn]|taxID:5476,MVKAVAVVRGDSKVQGTVHFEQESESAPTTISWEIEGNDPNALRGFHIHQFGDNTNGCTSAGPHFNPFGKQHGAPEDDERHVGDLGNISTDGNGVAKGTKQDLLIKLIGKDSILGRTIVVHAGTDDYGKGGFEDSKTTGHAGARPACGVIGLTQ
O65174|reviewed|Superoxide dismutase [Cu-Zn]|taxID:69721,MVKAVAVLTGSEGVQGTVFFAQEGEGPTTITGSLSGLKPGLHGFHVHALGDTTNGCMSTGPHFNPAGKEHGAPEDGNRHAGDLGNVTVGEDGTVNFTVTDSQIPLTGLNSVVGRAVVVHADSDDLGKGGHELSKTTGNAGGRLACGVIGLQA
"O65175|reviewed|Superoxide dismutase [Cu-Zn], chloroplastic|taxID:69721",MACHSALAAVPSSRLHFYAPRPPLSTSVCPFQTALLGQPLRIYSSGASIAAAASPRSMVVVAATKKAVAVLKGTSQVDGVVTLVQEDDGPTTVNVRITGLTPGLHGFHLHEYGDTTNGCISTGSHFNPNKLTHGAPMDVVRHAGDLGNIVANVDGLAEATIVDDQIPLSGSNSVVGRAFVVHELEDDLGKGGHELSLTTGNAGGRLACGVVGLTPV
"O65198|reviewed|Superoxide dismutase [Cu-Zn], chloroplastic|taxID:3879",MASHSLMSPSPLTSHSLLRSSFSGVSVKLSPQFSTLSRSKFQPLSVVAAAKKAVAVLKGNSTVEGVVTLTQENESPTTVNVRITGLTPGLHGFHLHEYGDTTNGCISTGPHFNPNQLTHGAPEDEIRHAGDLGNIIADANGVAEATIVDNQIPLTGPNSVIGRALVVHELEDDLGKGGHELSLSTGNAGGRLACGVVGLTPV
"O65199|reviewed|Superoxide dismutase [Cu-Zn], chloroplastic|taxID:29760",MAVNTLLSTAPSRVFLSFPNPSPNPSPQLHSQFHGLSLKLTRQSIPLATAPKPLSVVAVTKKAVAVLKGTSSVEGVVTLSQEDDGPTTVSVRITGLTPGNHGFHLHEFGDTTNGCMSTGAHFNPNGMTHGAPEDDVRHAGDLGNIIANAEGVAEATIVDTQIPLSGPNAVIGRALVVHELEDDLGKGGHELSLTTGNAGGRLACGVVGLTPI
O65768|reviewed|Superoxide dismutase [Cu-Zn]|taxID:3649,MVKAVAVLSSSEGVSGTIFFTQAADGPTTVTGEISGLKPGHHGFHVHALGDTTNGCMSTGPHFNPAGKEHGAPEDDIRHAGDLGNVNVGDDGKVSFSIIDSQIPLTGPNSIVGRAVVVHADPDDLGKGGHELSKTTGNAGGRVACGVIGLQG
O66602|reviewed|Superoxide dismutase [Cu-Zn] 2|taxID:224324,MKKLSGVLAGSLLLISASFSQDLKAHAELINTEGEVIGKAELIETNSGVLIKLNAKGLPPNAELAFHIHERGECKPPTFKSAKGHFNPYGKKHGLLNPEGPHAGDMPNIYTDDKGNVRVQVLNPFVTLKKGEKNSLFKEGGTALVIHSGPDDYKSDPAGNAGKRIACGVIR
O67149|reviewed|Superoxide dismutase [Cu-Zn] 1|taxID:224324,MFEQWDALCAVLFSFSIAQELKTHADIVNQKGEKIGKAELIQTNSGVLIKLEASNLPPNAELAFHIHELGKCDPPDFKSAKGHFNPFKKKHGLLNPEGPHAGDMPNIHTDDKGNVRVQVLNPFVTLKKGKKNSLFKEGGTALVIHGGPDDYKSDPAGNAGKRIACGVVK
O68901|reviewed|Superoxide dismutase [Cu-Zn] 2|taxID:99287,MKRLSLAMVTLLACAGAQAASEKVEMNLVTAQGVGQSIGTVVIDETEGGLKFTPHLKALPPGEHGFHIHANGSCQPAIKDGKAVAAEAAGGHLDPQNTGKHEGPEGQGHLGDLPVLVVNNDGIASEPVTAPRLKSLDEVKDKALMIHVGGDNMSDQPKPLGGGGMRYACGVIK
O73872|reviewed|Superoxide dismutase [Cu-Zn]|taxID:7955,MVNKAVCVLKGTGEVTGTVYFNQEGEKKPVKVTGEITGLTPGKHGFHVHAFGDNTNGCISAGPHFNPHDKTHGGPTDSVRHVGDLGNVTADASGVAKIEIEDAMLTLSGQHSIIGRTMVIHEKEDDLGKGGNEESLKTGNAGGRLACGVIGITQ
"O78310|reviewed|Superoxide dismutase [Cu-Zn] 2, chloroplastic|taxID:3702",MAATNTILAFSSPSRLLIPPSSNPSTLRSSFRGVSLNNNNLHRLQSVSFAVKAPSKALTVVSAAKKAVAVLKGTSDVEGVVTLTQDDSGPTTVNVRITGLTPGPHGFHLHEFGDTTNGCISTGPHFNPNNMTHGAPEDECRHAGDLGNINANADGVAETTIVDNQIPLTGPNSVVGRAFVVHELKDDLGKGGHELSLTTGNAGGRLACGVIGLTPL
O94178|reviewed|Superoxide dismutase [Cu-Zn]|taxID:474922,MVKAVCVVRGDSKVTGSIVFEQESESAPTKITWDISGNDANAKRGMHIHTFGDNTNGCTSAGPHFNPHNKTHGAPEDSNRHVGDLGNIETDANGNSKGTVTDSHVKLIGPESVIGRTIVVHGGTDDLGKGDNEESLKTGNAGPRPACGVIGISN
P00441|reviewed|Superoxide dismutase [Cu-Zn]|taxID:9606,MATKAVCVLKGDGPVQGIINFEQKESNGPVKVWGSIKGLTEGLHGFHVHEFGDNTAGCTSAGPHFNPLSRKHGGPKDEERHVGDLGNVTADKDGVADVSIEDSVISLSGDHCIIGRTLVVHEKADDLGKGGNEESTKTGNAGSRLACGVIGIAQ
P00442|reviewed|Superoxide dismutase [Cu-Zn]|taxID:9913,MATKAVCVLKGDGPVQGTIHFEAKGDTVVVTGSITGLTEGDHGFHVHQFGDNTQGCTSAGPHFNPLSKKHGGPKDEERHVGDLGNVTADKNGVAIVDIVDPLISLSGEYSIIGRTMVVHEKPDDLGRGGNEESTKTGNAGSRLACGVIGIAK
P00443|reviewed|Superoxide dismutase [Cu-Zn]|taxID:9796,MALKAVCVLKGDGPVHGVIHFEQQQEGGPVVLKGFIEGLTKGDHGFHVHEFGDNTQGCTTAGAHFNPLSKKHGGPKDEERHVGDLGNVTADENGKADVDMKDSVISLSGKHSIIGRTMVVHEKQDDLGKGGNEESTKTGNAGSRLACGVIGIAP
P00445|reviewed|Superoxide dismutase [Cu-Zn]|taxID:559292,MVQAVAVLKGDAGVSGVVKFEQASESEPTTVSYEIAGNSPNAERGFHIHEFGDATNGCVSAGPHFNPFKKTHGAPTDEVRHVGDMGNVKTDENGVAKGSFKDSLIKLIGPTSVVGRSVVIHAGQDDLGKGDTEESLKTGNAGPRPACGVIGLTN
P00446|reviewed|Superoxide dismutase [Cu-Zn]|taxID:553611,MNKAKTLLFTALAFGLSHQALAQDLTVKMTDLQTGKPVGTIELSQNKYGVVFTPELADLTPGMHGFHIHQNGSCASSEKDGKVVLGGAAGGHYDPEHTNKHGFPWTDDNHKGDLPALFVSANGLATNPVLAPRLTLKELKGHAIMIHAGGDNHSDMPKALGGGGARVACGVIQ
P03946|reviewed|Superoxide dismutase [Cu-Zn]|taxID:8245,MVLKAVCVLRGAGETTGTVYFEQEGNANAVGKGIILKGLTPGEHGFHVHGFGDNTNGCISAGPHFNPASKKHAGPKDEDRHVGDLGNVTADANGVAKIDITDKISLTGPYSIIGRTMVIHEKADDLGRGGNEESLKTGNAGSRLACGVIGTE
P04178|reviewed|Superoxide dismutase [Cu-Zn]|taxID:9823,MATKAVCVLKGDGPVQGTIYFELKGEKTVLVTGTIKGLAEGDHGFHVHQFGDNTQGCTSAGPHFNPESKKHGGPKDQERHVGDLGNVTAGKDGVATVYIEDSVIALSGDHSIIGRTMVVHEKPDDLGRGGNEESTKTGNAGSRLACGVIGITQ
"P07505|reviewed|Superoxide dismutase [Cu-Zn], chloroplastic|taxID:3562",MAAHTILASAPSHTTFSLISPFSSTPTNALSSSLQSSSFNGLSFKLSPTTQSLSLSTSAASKPLTIVAATKKAVAVLKGTSNVEGVVTLTQEDDGPTTVNVRISGLAPGKHGFHLHEFGDTTNGCMSTGPHFNPDKKTHGAPEDEVRHAGDLGNIVANTDGVAEATIVDNQIPLTGPNSVVGRALVVHELEDDLGKGGHELSPTTGNAGGRLACGVVGLTPV
P07509|reviewed|Superoxide dismutase [Cu-Zn]|taxID:367110,MVKAVAVVRGDSNVKGTVIFEQESESAPTTITYDISGNDPNAKRGFHIHTFGDNTNGCTSAGPHFNPHGTTHGDRTAEVRHVGDLGNIETDAQGNAKGTVTDNLVKLIGPESVIGRTVVVHAGTDDLGKGGNEESLKTGNAGPRPACGVIGISQ
P07632|reviewed|Superoxide dismutase [Cu-Zn]|taxID:10116,MAMKAVCVLKGDGPVQGVIHFEQKASGEPVVVSGQITGLTEGEHGFHVHQYGDNTQGCTTAGPHFNPHSKKHGGPADEERHVGDLGNVAAGKDGVANVSIEDRVISLSGEHSIIGRTMVVHEKQDDLGKGGNEESTKTGNAGSRLACGVIGIAQ
P08228|reviewed|Superoxide dismutase [Cu-Zn]|taxID:10090,MAMKAVCVLKGDGPVQGTIHFEQKASGEPVVLSGQITGLTEGQHGFHVHQYGDNTQGCTSAGPHFNPHSKKHGGPADEERHVGDLGNVTAGKDGVANVSIEDRVISLSGEHSIIGRTMVVHEKQDDLGKGGNEESTKTGNAGSRLACGVIGIAQ
P09212|reviewed|Superoxide dismutase [Cu-Zn]|taxID:9986,MATKAVCVLKGDGPVEATIHFEQKGTGPVVVKGRITGLTEGLHEFHVHQFGDNRQGCTSAGPHFNPLSKKHGGPKDEERHVGDLGNVTAGSNGVADVLIEDSVISLSGDMSVIGRTLVVHEKEDDLGKGGNDESTKTGNAGSRLACGVIGISP
P09670|reviewed|Superoxide dismutase [Cu-Zn]|taxID:9940,MATKAVCVLKGDGPVQGTIRFEAKGDKVVVTGSITGLTEGDHGFHVHQFGDNTQGCTSAGPHFNPLSKKHGGPKDEERHVGDLGNVKADKNGVAIVDIVDPLISLSGEYSIIGRTMVVHEKPDDLGRGGNEESTKTGNAGGRLACGVIGIAP
P09678|reviewed|Superoxide dismutase [Cu-Zn]|taxID:3716,MAKGVAVLNSSEGVKGTIFFTHEGNGATTVTGTVSGLRPGLHGFHVHALGDNTNGCMSTGPHFNPDGKTHGAPEDANRHAGDLGNIIVGDDGTATFTITDSQIPLSGPNSIVGRAIVVHADPDDLGKGGHELSLSTGNAGGRVACGIIGLQG
P0A609|reviewed|Superoxide dismutase [Cu-Zn]|taxID:233413,MPKPADHRNHAAVSTSVLSALFLGAGAALLSACSSPQHASTVPGTTPSIWTGSPAPSGLSGHDEESPGAQSLTSTLTAPDGTKVATAKFEFANGYATVTIATTGVGKLTPGFHGLHIHQVGKCEPNSVAPTGGAPGNFLSAGGHYHVPGHTGTPASGDLASLQVRGDGSAMLVTTTDAFTMDDLLSGAKTAIIIHAGADNFANIPPERYVQVNGTPGPDETTLTTGDAGKRVACGVIGSG
P0AGD1|reviewed|Superoxide dismutase [Cu-Zn]|taxID:83333,MKRFSLAILALVVATGAQAASEKVEMNLVTSQGVGQSIGSVTITETDKGLEFSPDLKALPPGEHGFHIHAKGSCQPATKDGKASAAESAGGHLDPQNTGKHEGPEGAGHLGDLPALVVNNDGKATDAVIAPRLKSLDEIKDKALMVHVGGDNMSDQPKPLGGGGERYACGVIK
P0AGD2|reviewed|Superoxide dismutase [Cu-Zn]|taxID:83334,MKRFSLAILALVVATGAQAASEKVEMNLVTSQGVGQSIGSVTITETDKGLEFSPDLKALPPGEHGFHIHAKGSCQPATKDGKASAAESAGGHLDPQNTGKHEGPEGAGHLGDLPALVVNNDGKATDAVIAPRLKSLDEIKDKALMVHVGGDNMSDQPKPLGGGGERYACGVIK
P0CW86|reviewed|Superoxide dismutase [Cu-Zn] 1|taxID:99287,MKYTILSLVAGALISCSAMAENTLTVKMNDALSSGTGENIGEITVSETPYGLLFTPHLNGLTPGIHGFHVHTNPSCMPGMKDGKEVPALMAGGHLDPEKTGKHLGPYNDKGHLGDLPGLVVNADGTATYPLLAPRLKSLSELKGHSLMIHKGGDNYSDKPAPLGGGGARFACGVIEK
P10791|reviewed|Superoxide dismutase [Cu-Zn]|taxID:7244,MVVKAVCVINGDAKGTVFFEQEGEGCPVKVTGEVTGLAKGQHGFHVHEFGDNTNGCMSSGPHFNPYQKEHGAPTDENRHLGDLGNIIANGDGPTPVNICDCKITLLGANSIIGRTVVVHADPDDLGKGGHELSKTTGNAGARIGCGVIGIAKI
"P10792|reviewed|Superoxide dismutase [Cu-Zn], chloroplastic|taxID:4102",MAAHTIFTTTSTTNSFLFPIASSNTNSAPSLSSSFHGVSLKVKSKTPQSLTLSSVTSPKPFIVFAATKKAVAVLKGTSNVEGVVTLTQDDDGPTTVKVRITGLAPGLHGFHLHEFGDTTNGCMSTGPHFNPNGLTHGAPGDEVRHAGDLGNIEANASGVAEATLVDNQIPLSGPNSVVGRALVVHELEDDLGKGGHELSLTTGNAGGRLACGVVGLTPI
P11418|reviewed|Superoxide dismutase [Cu-Zn]|taxID:7815,MKAVCVLKGTGEVTGTVLFEQAADGPVTLKGSITGLTPGKHGFHVHAFGDNTNGCISAGPHYNPFSKNHGGPDDEERHVGDLGNVEANGNGVAEFEIKDRQLHLSGERSIIGRTLVVHEKEDDLGKGGDEESLRTGNAGSRLACGVIGIAKD
P11428|reviewed|Superoxide dismutase [Cu-Zn] 2|taxID:4577,MVKAVAVLAGTDVKGTIFFSQEGDGPTTVTGSISGLKPGLHGFHVHALGDTTNGCMSTGPHFNPVGKEHGAPEDEDRHAGDLGNVTAGEDGVVNVNITDSQIPLAGPHSIIGRAVVVHADPDDLGKGGHELSKSTGNAGGRVACGIIGLQG
"P11964|reviewed|Superoxide dismutase [Cu-Zn], chloroplastic|taxID:3888",MASQTLVSPSPLSSHSLLRTSFSGVSVKLAPQFSTLATSNFKPLTVVAAAKKAVSVLKGTSAVEGVVTLTQDDEGPTTVNVRITGLTPGLHGFHLHEYGDTTNGCISTGPHFNPNKLTHGAPEDEIRHAGDLGNIVANAEGVAEATIVDNQIPLTGPNSVVGRALVVHELQDDLGKGGHELSLSTGNAGGRLACGVVGLTPV
P14830|reviewed|Superoxide dismutase [Cu-Zn] 1|taxID:4081,MVKAVAVLNSSEGVSGTYLFTQVGVAPTTVNGNISGLKPGLHGFHVHALGDTTNGCMSTGPHYNPAGKEHGAPEDEVRHAGDLGNITVGEDGTASFTITDKQIPLTGPQSIIGRAVVVHADPDDLGKGGHELSKSTGNAGGRIACGIIGLQG
"P14831|reviewed|Superoxide dismutase [Cu-Zn], chloroplastic|taxID:4081",MAAHSIFTTTSTTNSFLYPISSSSSSPNINSSFLGVSLNVNAKFGQSLTLYAVTTPKPLTVFAATKKAVAVLKGNSNVEGVVTLSQDDDGPTTVNVRITGLAPGLHGFHLHEYGDTTNGCMSTGAHFNPNKLTHGAPGDEIRHAGDLGNIVANADGVAEVTLVDNQIPLTGPNSVVGRALVVHELEDDLGKGGHELSLTTGNAGGRLACGVVGLTPI
P15453|reviewed|Superoxide dismutase [Cu-Zn]|taxID:262698,MKSLFIASTMVLMAFPAFAESTTVKMYEALPTGPGKEVGTVVISEAPGGLHFKVNMEKLTPGYHGFHVHENPSCAPGEKDGKIVPALAAGGHYDPGNTHHHLGPEGDGHMGDLPRLSANADGKVSETVVAPHLKKLAEIKQRSLMVHVGGDNYSDKPEPLGGGGARFACGVIE
P20379|reviewed|Superoxide dismutase [Cu-Zn]|taxID:190650,MIRLSAAAALGLAAALAASPALAQTSATAVVKAGDGKDAGAVTVTEAPHGVLLKLELKGLTPGWHAAHFHEKGDCGTPDFKSAGAHVHTAATTVHGLLNPDANDSGDLPNIFAAADGAATAEIYSPLVSLKGAGGRPALLDADGSSIVVHANPDDHKTQPIGGAGARVACGVIK
P22233|reviewed|Superoxide dismutase [Cu-Zn]|taxID:3562,MGKAVVVLSSSEGVSGTVYFAQEGDGPTTVTGNVSGLKPGLHGFHVHALGDTTNGCMSTGPHYNPNGKEHGAPEDDVRHAGDLGNITVGDDGTATFTIIDSQIPLSGPNSIVGRAVVVHAEPDDLGRGGHELSKTTGNAGGRVACGIIGLQG
P23345|reviewed|Superoxide dismutase [Cu-Zn] 4A|taxID:4577,MVKAVAVLGSSEGVKGTIFFTQEGDGPTTVTGSVSGLKPGLHGFHVHALGDTTNGCMSTGPHYNPASKEHGAPEDENRHAGDLGNVTAGADGVANINVTDSQIPLTGPNSIIGRAVVVHADPDDLGKGGHELSKSTGNAGGRVACGIIGLQG
P23346|reviewed|Superoxide dismutase [Cu-Zn] 4AP|taxID:4577,MVKAVAVLGSSDGVKGTIFFTQEGDGPTAVTGSVSGLKPGLHGFHVHALGDTTNGCMSTGPHYNPASKEHGAPEDENRHAGDLGNVTAGADGVANINVTDSQIPLTGPNSIIGRAVVVHADPDDLGKGGHELSKSTGNAGGRVACGIIGLQG
P24669|reviewed|Superoxide dismutase [Cu-Zn]|taxID:3349,MGLLKAVVVLNGAADVKGVVQFTQEGDGPTTVTGKISGLSPGLHGFHVHALGDTTNGCMSTGPHFNPLGKEHGAPTDDNRHAGDLGNVTVGTDGTVEFSITDSQIPLSGPHSIVGRAVVVHADPDDLGKGGHELSKSTGNAGGRLACGVVGLQG
P24702|reviewed|Superoxide dismutase [Cu-Zn]|taxID:715,MKLTNLALAFTLFGASAVAFAHADHDHKKADNSSVEKLVVQVQQLDPVKGNKDVGTVEITESAYGLVFTPHLHGLAQGLHGFHIHQNPSCEPKEKDGKLVAGLGAGGHWDPKETKQHGYPWSDNAHLGDLPALFVEHDGSATNPVLAPRLKKLDEVKGHSLMIHEGGDNHSDHPAPLGGGGPRMACGVIK
P24704|reviewed|Superoxide dismutase [Cu-Zn] 1|taxID:3702,MAKGVAVLNSSEGVTGTIFFTQEGDGVTTVSGTVSGLKPGLHGFHVHALGDTTNGCMSTGPHFNPDGKTHGAPEDANRHAGDLGNITVGDDGTATFTITDCQIPLTGPNSIVGRAVVVHADPDDLGKGGHELSLATGNAGGRVACGIIGLQG
P24705|reviewed|Putative superoxide dismutase [Cu-Zn]|taxID:46015,MKAICIISGDVHGKIYFQQESANQPLKISGYLLNLPRGLHGFHVHEYGDTSNGCTSAGEHFNPTNEDHGAPDAEIRHVGDLGNIKSAGYNSLTEVNMMDNVMSLYGPHNIIGRSLVVHTDKDDLGLTDHPLSKTTGNSGGRLGCGIIAICK
P24706|reviewed|Superoxide dismutase [Cu-Zn]|taxID:6282,MSTNAIAVLRGDTVSGIIRFKQDKEGLPTTVTGEVKGLTPGLHGFHIHQYGDTTNGCISAGPHFNPYNKTHGDRTDEIRHVGDLGNIEAGADGTAHISISDQHIQLLGPNSIIGRSIVVHADQDDLGKGVGAKKDESLKTGNAGARVACGIVAIGAAS
"P24707|reviewed|Superoxide dismutase [Cu-Zn], chloroplastic|taxID:3349",QVEGVVTLSQEDNGPTTVKVRLTGLTPGKHGFHLHEFGDTTNGCMSTGSHFNPKKLTHGAPEDDVRHAGDLGNIVAGSDGVAEATIVDNQIPLSGPDSVIGRALVVHELEDDLGKGGHELSLTTGNAGGRLACGVVGLTPI
P25841|reviewed|Superoxide dismutase [Cu-Zn]-like|taxID:727,MMKMKTLLALAISGICAAGVANAHDHMAKPAGPSIEVKVQQLDPANGNKDVGTVTITESNYGLVFTPNLQGLAEGLHGFHIYENPSCEPKEKDGKLIAGLAAGGHWDSKGAKQHGYPWQDDAHLGDLPALTVLHDGTATNPVLAPRLKKLDEVRGHSIMIHAGGDNHSDHPAPLGGGGPRMACGVIK
P25842|reviewed|Superoxide dismutase [Cu-Zn]|taxID:729,MMKMKTLLALAISGICAAGVANAHDHMAKPAGPSIEVKVQQLDPANGNKDVGTVTITESNYGLVFTPNLQGLAEGLHGFHIHENPSCDPKEKDGKLTSGLAAGGHWDPKGAKQHGYPWQDDAHLGDLPALTVLHDGTATNPVLAPRLKKLDEVRGHSIMIHAGGDNHSDHPAPLGGGGPRMACGVIK
P27082|reviewed|Superoxide dismutase [Cu-Zn]|taxID:4092,MVKAVAVLSSSEGVSGTIFFTQDGDAPTTVTGNVSGLKPGLHGFHVHALGDTTNGCMSTGPHYNPAGKEHGAPEDEVRHAGDLGNITVGEDGTASFTLTDKQIPLAGPQSIIGRAVVVHADPDDLGKGGHELSKTTGNAGGRVACGIIGLQG
P28755|reviewed|Superoxide dismutase [Cu-Zn]|taxID:7213,MVVKAVCVINGDVKGTVHFEQQDAKSPVLVTGEVNGLAKGLHGFHVHEFGDNTNGCTSAGPHFNPYGNSHGAPSDLNRHLGDLGNIEASGDGATKVEISDKLITLFGENSIVGRTIVVHADPDDLGKGGHELSKTTGNAGARLGCGVIGICKI
P28757|reviewed|Superoxide dismutase [Cu-Zn] 2|taxID:39947,MVKAVAVLASSEGVKGTIFFSQEGDGPTSVTGSVSGLKPGLHGFHVHALGDTTNGCMSTGPHFNPTGKEHGAPQDENRHAGDLGNITAGADGVANVNVSDSQIPLTGAHSIIGRAVVVHADPDDLGKGGHELSKTTGNAGGRVACGIIGLQG
P28758|reviewed|Superoxide dismutase [Cu-Zn]|taxID:284812,MVRAVAVLRGDSKVSGVVTFEQVDQNSQVSVIVDLVGNDANAKRGFHIHQFGDNTNGCTSAGPHFNPEGKTHGDRTAAVRHVGDLGNLESDAQGNIKTTFSDSVISLFGANSIIGRTIVIHAGEDDLGKGTSEESLKTGNAGARNACGVIGIAV
P33431|reviewed|Superoxide dismutase [Cu-Zn]|taxID:10141,MATKAVCVLKGDGPVQGIIHFEQKANGPVVVKGRITGLVEGKHGFHVHEFGDNTQGCTSAGPHFNPLSKKHGGPQDEERHVGDLGNVTAGADGVANVSIEDSLISLSGANSIIGRTMVVHEKPDDLGKGGNEESTKTGNAGSRLACGVIGIAQ
P34697|reviewed|Superoxide dismutase [Cu-Zn]|taxID:6239,MFMNLLTQVSNAIFPQVEAAQKMSNRAVAVLRGETVTGTIWITQKSENDQAVIEGEIKGLTPGLHGFHVHQYGDSTNGCISAGPHFNPFGKTHGGPKSEIRHVGDLGNVEAGADGVAKIKLTDTLVTLYGPNTVVGRSMVVHAGQDDLGEGVGDKAEESKKTGNAGARAACGVIALAAPQ
"P36214|reviewed|Superoxide dismutase [Cu-Zn], chloroplastic|taxID:3693",MASQTLVSPSPLSSPSLLRTSFSGVSVKLAPQFSTLATSNFKPLTVVAAAKKAVAVLKGQSRVEGSSTLHQDERQQQLMFVSLAYTQGFMVFTYMSMVIPQMGVSQQDHILIQQVDTWCSEDEIRHAGDLGNIVANAEGVAECRQSWQIRYHSLRPNSVVGRALVVHELQDDLGKGGHELSLSTGNAGGRLACGVVGLTPV
P41962|reviewed|Superoxide dismutase [Cu-Zn]|taxID:6280,MSANRIAVLRGDNVSGIIRFKQEKEGSPTTISGEIKGLTPGLHGFHVHQYGDTTNGCISAGPHFNPYNKTHGGPTDEMRHVGDLGNIVAGADGTAHIDISDKHVQLLGPNSIIGRSLVVHADQDDLGKGVGDKKDESLKTGNAGARVACGIVAVSAAS
P41973|reviewed|Superoxide dismutase [Cu-Zn]|taxID:7260,MVVKAVCVINGDAKGTVFFEQEDNGAPVKVTGEVTGLGKGLHGFHVHEFGDNTNGCMSSGPHFNPHSKEHGAPGDENRHLGDLGNIEASGSGPTAVNITDSKITLVGANSIIGRTVVVHADPDDLGKGGHELSKTTGNAGARIGCGVIGIAKI
P54407|reviewed|Superoxide dismutase [Cu-Zn]|taxID:30019,INGDAKGTVFFEQESEKCPVKVTGEVTGLAKGLHGFHVHEFGDNTNGCMSSGPHFNPQGKEHGAPTDENRHLGDLGNITATGDGPTAVDICDCKITLFGANSIIGRTVVVHADPDDLGKGGHELSKTTGNAGARIGCGVIGIAKI
P57005|reviewed|Superoxide dismutase [Cu-Zn]|taxID:122587,MNMKTLLALAVSAVCSVSVAQAHEHNTIPKGASIEVKVQQLDPVNGNKDVGTVTITESNYGLVFTPDLQGLSEGLHGFHIHENPSCEPKEKEGKLTAGLGAGGHWDPKGAKQHGYPWQDDAHLGDLPALTVLHDGTATNPVLAPRLKHLDDVRGHSIMIHTGGDNHSDHPAPLGGGGPRMACGVIK
P60052|reviewed|Superoxide dismutase [Cu-Zn]|taxID:9598,MATKAVCVLKGDGPVQGIINFEQKESNGPVKVWGSIKGLTEGLHGFHVHEFGDNTAGCTSAGPHFNPLSRKHGGPKDEERHVGDLGNVTADKDGVADVSIEDSVISLSGDHCIIGRTLVVHEKADDLGKGGNEESTKTGNAGSRLACGVIGIAQ
P61851|reviewed|Superoxide dismutase [Cu-Zn]|taxID:7227,MVVKAVCVINGDAKGTVFFEQESSGTPVKVSGEVCGLAKGLHGFHVHEFGDNTNGCMSSGPHFNPYGKEHGAPVDENRHLGDLGNIEATGDCPTKVNITDSKITLFGADSIIGRTVVVHADADDLGQGGHELSKSTGNAGARIGCGVIGIAKV
P61852|reviewed|Superoxide dismutase [Cu-Zn]|taxID:7240,MVVKAVCVINGDAKGTVFFEQESSGTPVKVSGEVCGLAKGLHGFHVHEFGDNTNGCMSSGPHFNPYGKEHGAPVDENRHLGDLGNIEATGDCPTKVNITDSKITLFGADSIIGRTVVVHADADDLGQGGHELSKSTGNAGARIGCGVIGIAKV
P61853|reviewed|Superoxide dismutase [Cu-Zn]|taxID:7226,MVVKAVCVINGDAKGTVFFEQESSGTPVKVSGEVCGLAKGLHGFHVHEFGDNTNGCMSSGPHFNPYGKEHGAPVDENRHLGDLGNIEATGDCPTKVNITDSKITLFGADSIIGRTVVVHADADDLGQGGHELSKSTGNAGARIGCGVIGIAKV
P61854|reviewed|Superoxide dismutase [Cu-Zn]|taxID:7238,MVVKAVCVINGDAKGTVFFEQESSGTPVKVSGEVCGLAKGLHGFHVHEFGDNTNGCMSSGPHFNPYGKEHGAPVDENRHLGDLGNIEATGDCPTKVNITDSKITLFGADSIIGRTVVVHADADDLGQGGHELSKSTGNAGARIGCGVIGIAKV
P66826|reviewed|Superoxide dismutase [Cu-Zn]|taxID:224914,MMKSLFIASTMVLMAFPAFAESTTVKMYEALPTGPGKEVGTVVISEAPGGLHFKVNMEKLTPGYHGFHVHENPSCAPGEKDGKIVPALAAGGHYDPGNTHHHLGPEGDGHMGDLPRLSANADGKVSETVVAPHLKKLAEIKQRSLMVHVGGDNYSDKPEPLGGGGARFACGVIE
P66827|reviewed|Superoxide dismutase [Cu-Zn]|taxID:204722,MMKSLFIASTMVLMAFPAFAESTTVKMYEALPTGPGKEVGTVVISEAPGGLHFKVNMEKLTPGYHGFHVHENPSCAPGEKDGKIVPALAAGGHYDPGNTHHHLGPEGDGHMGDLPRLSANADGKVSETVVAPHLKKLAEIKQRSLMVHVGGDNYSDKPEPLGGGGARFACGVIE
P69049|reviewed|Superoxide dismutase [Cu-Zn]|taxID:446,MNKSGIILIGTILFSSMAIADDLTAPIYTTGPKPVAIGKVTFTQTPYGVLITPDLTNLPEGPHGFHLHKTADCGNHGMHAEGHYDPQNTNSHQGPYGNGHLGDLPVLYVTSNGKAMIPTLAPRLKLSDMHNLAVMIHANGDTYSDNPPQGGGGDRIACGVIK
P80174|reviewed|Superoxide dismutase [Cu-Zn]|taxID:8467,MATVKAVCVLKGEDPVKEPVKGPVKEPVKGIIYFEQQGNGPVTLSGSITGLTEGKHGFHVHEFGDNTNGCTSAGAHFNPPGKNHGGPQDNERHVGDLGNVIANKEGVAEVCIKDSLISLTGSQSIIGRTMVVHEKEDDLGKGGNDESLKTGNAGSRLACGVVGIAKL
P80566|reviewed|Superoxide dismutase [Cu-Zn]|taxID:9031,MATLKAVCVMKGDAPVEGVIHFQQQGSGPVKVTGKITGLSDGDHGFHVHEFGDNTNGCTSAGAHFNPEGKQHGGPKDADRHVGDLGNVTAKGGVAEVEIEDSVISLTGPHCIIGRTMVVHAKSDDLGRGGDNESKLTGNAGPRLACGVIGIAKC
P81036|reviewed|Superoxide dismutase [Cu-Zn]|taxID:71160,MVKAVCVLKGTTGEVTGTVYFEQESDSAPVKLTGQIIGLAPGLHGFHVHAFGDNTNXXXXXXXXXXXXXXTHAGPTDKDRHVGDLGNVAKIDITDKMLTLNGPLSIIGRTMVIHEKADDLGKGGNDESLKTGNAGGRMA
P81926|reviewed|Superoxide dismutase [Cu-Zn]|taxID:7729,MSIKAVCVLVGSVKGTLNFKQDAIGSCTVTGEVSGLIPGKHGFHIHEYGDLTNGCTSSGGHFNPFKQIHGAPEDDIRHVGDLGNITADSSGVATVNITDRMISLTGEHSIIGRAVVVHAGEDDLGKGGHEDSKTTGHAGGRLSCGVIGINHL
P82205|reviewed|Superoxide dismutase [Cu-Zn]|taxID:7091,MPAKAVCVLRGDVSGTVFFDQQDEKSPVVVSGEVQGLTKGKHGFHVHEFGDNTNGCTSAGAHFNPEKQDHGGPSSAVRHVGDLGNIEAIEDSGVTKVSIQDSQISLHGPNSIIGRTLVVHADPDDLGLGGHELSKTTGNAGGRIACGVIGLAKI
P83684|reviewed|Superoxide dismutase [Cu-Zn]|taxID:253246,MVKAVAVLRGDSKITGTVTFEQANESAPTTVSWNITGHDPNAERGMHIHQFGDNTNGCTSAGPHYNPFKKTHGAPTDEVRHVGDLGNIKTDAEGNAVGSVQDKLIKVIGAESILGRTIVVHAGTDDLGRGGNEESKKTGNAGPRPACGVIGIA
P85978|reviewed|Superoxide dismutase [Cu-Zn]|taxID:5061,MVKAVAVIRGDSKVSGTVTFEQANENTPTTISWNITGHDANAERGFHVHQFGDNTNGCTSAGPHFNPYGKTHGAPEDDERHVGDLGNFKTDAEGNAVGSKQDKLVKLIGAESVLGRTLVVHAGTDDLGRGGNEESKKTGNAGPRPACGVIGIAA
P93258|reviewed|Superoxide dismutase [Cu-Zn] 1|taxID:3544,MVKAVVVLSSSEGVSGTVQFTQEGSGPTTVTGNVSGLRPGLHGFHVHALGDTTNGCMSTGPHFNPAGKEHGAPEDETRHAGDLGNITVGDDGTATFTIIDSQIPLTGPNSIVGRAVVVHADPDDLGRGGHELSKATGNAGGRVACGVIGLQG
"P93407|reviewed|Superoxide dismutase [Cu-Zn], chloroplastic|taxID:39947",MQAILAAAMAAQTLLFSATAPPASLFQSPSSARPFHSLRLAAGPAGAAAARALVVADATKKAVAVLKGTSQVEGVVTLTQDDQGPTTVNVRVTGLTPGLHGFHLHEFGDTTNGCISTGPHFNPNNLTHGAPEDEVRHAGDLGNIVANAEGVAEATIVDKQIPLSGPNSVVGRAFVVHELEDDLGKGGHELSLSTGNAGGRLACGVVGLTPL
P9WGE8|reviewed|Superoxide dismutase [Cu-Zn]|taxID:83331,MPKPADHRNHAAVSTSVLSALFLGAGAALLSACSSPQHASTVPGTTPSIWTGSPAPSGLSGHDEESPGAQSLTSTLTAPDGTKVATAKFEFANGYATVTIATTGVGKLTPGFHGLHIHQVGKCEPNSVAPTGGAPGNFLSAGGHYHVPGHTGTPASGDLASLQVRGDGSAMLVTTTDAFTMDDLLSGAKTAIIIHAGADNFANIPPERYVQVNGTPGPDETTLTTGDAGKRVACGVIGSG
P9WGE9|reviewed|Superoxide dismutase [Cu-Zn]|taxID:83332,MPKPADHRNHAAVSTSVLSALFLGAGAALLSACSSPQHASTVPGTTPSIWTGSPAPSGLSGHDEESPGAQSLTSTLTAPDGTKVATAKFEFANGYATVTIATTGVGKLTPGFHGLHIHQVGKCEPNSVAPTGGAPGNFLSAGGHYHVPGHTGTPASGDLASLQVRGDGSAMLVTTTDAFTMDDLLSGAKTAIIIHAGADNFANIPPERYVQVNGTPGPDETTLTTGDAGKRVACGVIGSG
Q01137|reviewed|Superoxide dismutase [Cu-Zn]|taxID:6183,MKAVCVMTGTAGVKGVVKFTQETDNGPVHVHAEFSGLKAGKHGFHVHEFGDTTNGCTSAGAHFNPTKQEHGAPEDSIRHVGDLGNVVAGADGNAVYNATDKLISLNGSHSIIGRTMVIHENEDDLGRGGHELSKVTGNAGGRLACGVIGLAAE
Q02610|reviewed|Superoxide dismutase [Cu-Zn]|taxID:3888,MVKAVAVLSNSNEVSGTINFSQEGNGPTTVTGTLAGLKPGLHGFHIHALGDTTNGCISTGPHFNPNGKEHGAPEDETRHAGDLGNINVGDDGTVSFTITDNHIPLTGTNSIIGRAVVVHADPDDLGKGGHELSKTTGNAGGRVACGIIGLQG
Q07182|reviewed|Superoxide dismutase [Cu-Zn]|taxID:7293,MVAKAVCVINGDAKGTVYFEQEDACAPVKVCGEITGLNKGQHGFHVHEFGDNTNGCMSSGPHFNPLNKEHGAPTDENRHLGDLGNIEAPGDGPTKVCINDSKITLFGENSIVGRTVVVHADPDDLGKGGHELSKSTGNAGARIGCGVIGICKI
Q07796|reviewed|Superoxide dismutase [Cu-Zn]|taxID:4120,MVKAVAVLSSSEGVSGTIFFSQEGDGPTTVTGNVSGLKPGLHGFHVHALGDTTNGCMSTGPHFNPAGKEHGAPGDDNRHAGDLGNITVGEDGTASFTITDKQIPLTGANSVIGRAVVVHGDPDDLGKGGHELSKSTGNAGGRVACGIIGLQG
Q0DRV6|reviewed|Superoxide dismutase [Cu-Zn] 1|taxID:39947,MVKAVVVLGSSEIVKGTIHFVQEGDGPTTVTGSVSGLKPGLHGFHIHALGDTTNGCMSTGPHYNPAGKEHGAPEDETRHAGDLGNVTAGEDGVANIHVVDSQIPLTGPNSIIGRAVVVHADPDDLGKGGHELSKTTGNAGGRVACGIIGLQG
Q0IIW3|reviewed|Superoxide dismutase [Cu-Zn]|taxID:8364,MVRAVCVLAGSGDVKGVVHFQQQDEGPVTVEGKIYGLTDGKHGFHIHEFGDNTNGCISAGPHFNPESKTHGAPEDAVRHVGDLGNVTAKDGVAEFKLTDSLISLKGNHSIIGRCAVVHEKEDDLGKGGNDESLKTGNAGGRLACGVIGLCQ
Q12548|reviewed|Superoxide dismutase [Cu-Zn]|taxID:34381,NSSSVPLHGFHVHALGDTTNGCMSTGPHFNPTGKEHGAPQDENRHAGDLGNITAGADGVANVNVSDSQIPLTGAHSIIGRAVVVHADPDDLGKGGHELSKTTGNSNSSMDSCAHGIQGIL
Q27666|reviewed|Superoxide dismutase [Cu-Zn]|taxID:6289,MSNRAVAVLRGDPGVTGTVWFSQDKESDPCVIKGEIKGLTPGLHGFHVHQYGDSTNGCTSAGPHFNPFNKTHGGPKDDVRHVGDLGNVEAGADGVAHFEIKDHLVKIHGEHTVVGRSLVVHAGTDDLGKGVGEKKEESLKTGNRGARVACGVIATAAPQ
Q42611|reviewed|Superoxide dismutase [Cu-Zn] 1|taxID:3707,MGKGVRVLNSSEGVKGTIFFTQEGNGTTTVTGTVSGLKPGLHGFHVHALGDTTNGCMSTGPHFNPEGKTHGAPEDANRHAGDLGNITVGDDGTATFTITDSQIPLDGPNSIVGRAVVVHAEPDDLGKGGHELSLTTGNAGGRVACGIIGLQG
Q42612|reviewed|Superoxide dismutase [Cu-Zn] 2|taxID:3707,MGKGVAVLNSSEGVKGTIFFAQEGEGKTTVTGTVSGLKPGLHGFHVHALGDTTNGSMSTGPHFNPDGKQHGAPEDANRHAGDLGNIIVGDDGTATFTITDCQIPLSGPNSIVGRAVVVHADPDVLGKGGHELSLTTGNAGGRVACGIIGLQG
Q43779|reviewed|Superoxide dismutase [Cu-Zn] 2|taxID:4081,MVKAVAVLNSSEGVSGTILFTQDGAAPTTVNGNISGLKPGLHGFHVHALGDTTNGCMSTGPHYNPAGKEHGAPEDEVRHAGDLGNITVGEDGTASFTITDKQIPLTGPQSIIGRAVVVHADPDDLGKGGHELSKSTGNAGGRIACGIIGLQG
Q51853|reviewed|Superoxide dismutase [Cu-Zn]|taxID:75985,AKEKGGKLTAGLAAGGHWNPNKAPHHGFPWSDDAHLGDLPALTVLHDGTSTNPVLAPRLKKLDEIKGRSLMIHEGGDNHSDHPAPL
Q52RN5|reviewed|Superoxide dismutase [Cu-Zn]|taxID:30521,MATKAVCVLKGDGPVQGTIHFEAKGDTVVVTGSITGLTEGDHGFHVHQFGDNTQGCTSAGPHFNPLSKKHGGPKDEERHVGDLGNVTADKNGVAVVDIVDSLISLSGEYSIIGRTMVVHEKPDDLGRGGNEESTKTGNAGSRLACGVIGIAK
Q54G70|reviewed|Superoxide dismutase [Cu-Zn] 5|taxID:44689,MSAICVIKGDGVDGIINFKQNDNKSPVIISGVISGLKEGKHGFHVHEFGDTTNGCLSAGAHFNPFKKEHGSPNDENRHVGDLGNIESNKDKKSIINITDNIITLFGQNSIIGRSIVVHDKEDDLGRGNSQDSKITGNAGSRLGCGIIALSKI
Q54RN1|reviewed|Extracellular superoxide dismutase [Cu-Zn] 2|taxID:44689,MNKLIISLLIVLSAISIISADYQYGYCKFGSVGTVNQNITGYVTLTAQDGALNLVYNISSINLPTGSYATAIMTYGYNPSNNTDLGGVFQVDGKGTEQCQSGGSRAGDLYNLYVNDNRISSNFDSLTSVSIVDSPNSIIGRSIAIFQESYSCDLLKSSVGTSVGPLTTVVASCIIGIGNSANVPATNGVNTTTGNANTAGAYSSLSNTQYDAMVLLANTTKSPSAAIGGSVLFRSSSNSVSVNGIVSGVAKSVHGFHIHAFGDLTTVDGASIGGHWLSGAQVHAFPENTSRHFGDLGNLCIFDNDFKNAYYYLSTSYFSFSGLVGRGFAVHAARDDGNTYVGGDRVAQGVVALIPKAATTLNQVPSNWKYEVICSNGTYTGESTIEPSPTPSTTPTPTETSQPGTSSYLAPFFVLILSSLISVILIL
Q54RQ1|reviewed|Extracellular superoxide dismutase [Cu-Zn] 3|taxID:44689,MRLLSVLVFLISVISIAKADYQYAFCKFNELSIGGVEGIAHLLSTDGTTLNITFDFTTSYAQNTQFAAQILTYGYNPSSMTNLGSVFDPTNVKTAGCPSGTPRAGDIGNIQANGGNVEAQTISLNIPNIKDDANSIIGRSIAIYGGSYDCSDPSKSVIGDMISFCTIGVGNIDYSSFDKSKLTGVNTASSYSNLENAIGLAVVYNTTITKGDYIEGRVLFKALNSSFIQVSAKVSGLSYQAHGFHVHQFGDVSSDNGTSIGGHFLKTGQEHSLPPSGTRHYGDFGNFCAFSQDMMDTGYYYYETDHVTAALVIGRGMAVHNFTDKGNSDVGGSRCGQGVIALIQDADYSLNLPMDWKWDVICANGSYYGDMSTSMNSESYNDNEPGSSSTVIPFFALIIFSIIFALL
Q54TU5|reviewed|Superoxide dismutase [Cu-Zn] 4|taxID:44689,MVKAICVVKGAVVNGTIIFSQENEGSPVYVNGTISGLSGGLHGFHIHEFGDTSNGCLSAGAHFNPFHVEHGGPNSAIRHVGDLGNITSCPSSKVANVLIQDNVISLFGDLSIIGRTLVVHENQDDLGLGGNLSKTTGNAGARVACGILAKI
Q54TW8|reviewed|Probable superoxide dismutase [Cu-Zn] 6|taxID:44689,MVNAIVIIKGLGVEGKVTLSQECEGSPIYINGTVSGLTPGQHGMHVHEFGDTSNGCISAGDHYNPLHREHGSPLDVERHIGDLGNIKALSNGVATISIRDTIMSLFGDISVMGRTMVIHSDRDDYGRGNFPDSKTAGHSGKRVGCGIIAKI
Q55GQ5|reviewed|Superoxide dismutase [Cu-Zn] 1|taxID:44689,MSKTAVCVIKGEKVNGVVKFTQENKDSPVTVNYDITGLEKGEHGFHVHAFGDTTNGCVSAGPHFNPFGKNHGAPSDEDRHVGDLGNIVADGESNTKGTISDKIISLFGEHTIVGRTMVVHADQDDLGKGGKPDSLTTGAAGARLGCGVIGVSQ
Q59081|reviewed|Superoxide dismutase [Cu-Zn]|taxID:714,EPKEKDGKLTAGLGAGGHWDPKDTKQHGYPWQDDAHLGDLPALTVLHDGTAANPVLAPRIKHLDDVRGHSLMIHAGGDNHSDHPAPL
Q59448|reviewed|Superoxide dismutase [Cu-Zn]|taxID:376619,MTAFYKLCGMSMLSLVLADCTFLSANKPYDRDHDGELIVHMKDVNTHKEVGTITISPYIHDGNQEGMLITPHLYNLPANTTHGMHIHINPSCEDNGIAAGGHWDPDNTQKHLGPYNDNGHKGDLPVLVVNADGTATEPVVAPKLNSLEELAGHSLMLHAGGDNYSDKPQPLGGGGARMWCGVIAD
Q59452|reviewed|Superoxide dismutase [Cu-Zn]|taxID:233412,MKLTKVALFSLGLFGFSSMALAHGDHMHNHDTKMDTMSKDMMSMEKIVVPVQQLDPQNGNKDVGTVEITESAYGLVFTPKLHDLAHGLHGFHIHEKPSCEPKEKDGKLVAGLGAGGHWDPKQTQKHGYPWSDDAHMGDLPALFVMHDGSATTPVLAPRLKKLAEVKGHSLMIHAGGDNHSDHPAPLGGGGPRMACGVIK
Q59623|reviewed|Superoxide dismutase [Cu-Zn]|taxID:122586,MNMKTLLALAVSAVCSVGVAQAHEHNTIPKGASIEVKVQQLDPVNGNKDVGTVTITESNYGLVFTPDLQGLSEGLHGFHIHENPSCEPKEKEGKLTAGLGAGGHWDPKGAKQHGYPWQDDAHLGDLPALTVLHDGTATNPVLAPRLKHLDDVRGHSIMIHTGGDNHSDHPAPLGGGGPRMACGVIK
Q59689|reviewed|Superoxide dismutase [Cu-Zn]|taxID:272843,MKKTVLALMFSCGMVASAFAHNHAVEHKHTGEMLEVKVELLDPAKGNQEIGKVVITESAYGLVFTPELKNLTAGLHGFHIHQNPSCDAKEKDGKLVAGLAAGGHWDPKNAGKHGYPWSDDAHLGDLPALAVNQDGTANNPVLAPRLKHLDDVKGRSLMIHEGGDNHDDHPAPLGGGGPRMACGVIK
Q5FB29|reviewed|Superoxide dismutase [Cu-Zn]|taxID:9925,MATKAVCVLKGDGPVQGTIHFEAKGDKVVVTGSITGLTEGDHGFHVHQFGDNTQGCTSAGPHFNPLSKKHGGPKDEERHVGDLGNVKADKNGVAIVDIVDPLISLSGEYSIIGRTMVVHEKPDDLGRGGNEESTKTGNAGSCLACGVIGIAP
Q5ZT17|reviewed|Superoxide dismutase [Cu-Zn]|taxID:272624,MNKSGIILIGTILFSSMAIADDLTAPIYTTGPKPVAIGKVTFTQTPYGVLITPDLTNLPEGPHGFHLHKTADCGNHGMHAEGHYDPQNTNSHQGPYGNGHLGDLPVLYVTSNGKAMIPTLAPRLKLSDMHNLAVMIHANGDTYSDNPPQGGGGDRIACGVIK
Q6C662|reviewed|Superoxide dismutase [Cu-Zn]|taxID:284591,MVKAVAVLRGDSKVSGTVTFEQDSESGPVTVTYDIKGNDPNAERGFHVHEFGDNTNGCTSAGPHFNPFKKNHGGPTDSERHVGDLGNVKTDSEGVAKGVLKDSLLKLTGDNSIVGRTVVIHGGEDDLGKGGHADSLKTGNAGPRPACGVIGLTA
Q6CPE2|reviewed|Superoxide dismutase [Cu-Zn]|taxID:284590,MVNAVAVLKGDSSVSGIVRFEQESEDQQTKISWEITGNDANALRGFHIHTFGDNTNGCTSAGPHFNPFNKNHGAPEDEERHVGDLGNIPTDAQGISKGSLTDKHIKLLGPLSIVGRTVVVHAGQDDLGKGGDAESLKTGNAGARHACGVIGISNA
Q6FWL5|reviewed|Superoxide dismutase [Cu-Zn]|taxID:284593,MVKAVAVLRGSAGVSGVVTLEQASEQDPTTITYEIAGNDPNAERGFHIHEFGDVTNGCVSAGPHFNPFKKTHGAPQDENRHVGDLGNIKTDAQGVAKGVITDSLVKLIGPTSVVGRSVVVHAGTDDLGKGGNEESLKTGNAGPRPACGVIGLTN
Q6T3B0|reviewed|Superoxide dismutase [Cu-Zn]|taxID:99896,MVKAVCVLRGDSKITGIVNFEQESDSSPTTISWEISNHDADAKRGFHITPFGDNTNGCTSAGPHFNPHGKTHGNVTDENRHVGDMGNIETDCDGNSKGSIKDKLIKLIGPHSVIGRTVVIHAGTDDLGKGGNDESLKTGNAGPRPACGVIGVAN
Q70Q35|reviewed|Superoxide dismutase [Cu-Zn]|taxID:40559,MVKAVATVRGDSKISGTVTFEQSEENSPTTITWNITGNDANAERGMHVHQFGDNTNGCTSAGPHFNPHGQTHGAPTDEVRHVGDLGNFKTDAQGNATGSVQDSHIKLIGPLSVIGRTVVVHSGTDDLGKGENEESKKTGNAGTRPACGVIGIAA
Q711T9|reviewed|Superoxide dismutase [Cu-Zn]|taxID:2587412,MVKAVAVVRGDSKVSGSVVFEQETENGPTTITWDITGHDANAKRGMHIHTFGDNTNGCTSAGPHFNPHGKTHGNRTDENRHVGDLGNIETDAQGNSKGTVTDNLIKLIGPESVIGRTVVVHAGTDDLGKGDTEESLKTGNAGARPACGVIGISA
Q751L8|reviewed|Superoxide dismutase [Cu-Zn]|taxID:284811,MVKAIAVLKGDAGVSGVVHFEQEADAAVTTISWNITGFEPNTEHGFHIHEFGDVTNGCTSSGSHFNPFKKTHGSPEDENRHVGDMGNVLADANGVAVGSAKDPLIKIFGPTSILGRTVVVHAGKDDLGRGGNEESLKTGNAGPRPACGVIGIAN
Q7M1R5|reviewed|Superoxide dismutase [Cu-Zn]|taxID:3847,MVKAVAVLGSSEGVTGTIFFTQEGNGPTTVTGSLAGLKPGLHGFHVHALGDTTNGCLSTGAHFNPNNNEHGAPEDENRHAGDLGNVNVGDDGTVSFSITDSQIPLTGPNSIIGRAVVVHADSDDLGKGGHELSKTTGNAGGRVACGIIGLQG
Q877B5|reviewed|Superoxide dismutase [Cu-Zn]|taxID:510516,MVKAVAVLRGDSKISGTVTFEQADANAPTTVSWNITGHDANAERAFHVHQFGDNTNGCTSAGPHFNPFGKEHGAPEDENRHVGDLGNFKTDAEGNAVGSKQDKLIKLIGAESVLGRTLVIHAGTDDLGRSEHPESKKTGNAGARPACGVIGIAA
Q8HXP8|reviewed|Superoxide dismutase [Cu-Zn]|taxID:9483,MAMKAVCVLKGDGPVQGTINFEQKESNGPVKVWGSITGLAEGLHGFHVHQFGDNTQGCTSAGPHFNPLSRKHGGPEDEERHVGDLGNVTAGKDGVAKVSIEDSVISLSGDHSIIGRTLVVHEKADDLGKGGNEESKKTGNAGGRLACGVIGIAQ
Q8HXP9|reviewed|Superoxide dismutase [Cu-Zn]|taxID:9515,MAMKAVCVLKGDGPVQGTINFEQKESNGPVKVWGSITGLAEGLHGFHVHQFGDNTQGCTSAGPHFNPLSRKHGGPEDEERHVGDLGNVTAGKDGVAKVSIEDSVISLSGDHSIIGRTLVVHEKADDLGKGGNEESTKTGNAGSRLACGVIGIAQ
Q8HXQ0|reviewed|Superoxide dismutase [Cu-Zn]|taxID:9544,MAMKAVCVLKGDSPVQGTINFEQKESNGPVKVWGSITGLTEGLHGFHVHQFGDNTQGCTSAGPHFNPLSRQHGGPKDEERHVGDLGNVTAGKDGVAKVSFEDSVISLSGDHSIIGRTLVVHEKADDLGKGGNEESKKTGNAGGRLACGVIGIAQ
Q8HXQ1|reviewed|Superoxide dismutase [Cu-Zn]|taxID:9541,MAMKAVCVLKGDSPVQGTINFEQKESNGPVKVWGSITGLTEGLHGFHVHQFGDNTQGCTSAGPHFNPLSRQHGGPKDEERHVGDLGNVTAGKDGVAKVSFEDSVISLSGDHSIIGRTLVVHEKADDLGKGGNEESKKTGNAGGRLACGVIGIAQ
Q8HXQ2|reviewed|Superoxide dismutase [Cu-Zn]|taxID:9543,MAMKAVCVLKGDSPVQGTINFEQKESNGPVKVWGSITGLTEGLHGFHVHQFGDNTQGCTSAGPHFNPLSRQHGGPKDEERHVGDLGNVTAGKDGVAKVSFEDSVISLSGDHSIIGRTLVVHEKADDLGKGGNEESKKTGNAGGRLACGVIGIAQ
Q8HXQ3|reviewed|Superoxide dismutase [Cu-Zn]|taxID:9580,MAMKAVCVLKGDSPVQGIINFEQKESNGPVKVYGRITGLTEGLHGFHVHQFGDNTQGCTSAGPHFNPLSRKHGGPKDEERHVGDLGNVTADKDGVAKVSIEDSVISLSGDHSIIGRTLVVHEKADDLGKGGNEESTKTGNAGSRLACGVIGIAQ
Q8HXQ4|reviewed|Superoxide dismutase [Cu-Zn]|taxID:9600,MATKAVCVLKGDNSPVKGIINFEQKERNGPVKVWGSIEGLTEGLHGFHVHEFGDNTVGCTSAGPHFNPLSRKHGGPKDEERHVGDLGNVTADKDGVASVSIEDSVISLSGDHCIIGRTLVVHEKADDLGKGGNEESTKTGNAGSRLACGVIGIAQ
Q8J0N2|reviewed|Superoxide dismutase [Cu-Zn]|taxID:73501,MVKAVCVLRGDAKVAGTVTFEQESESAPTTITWDITGNDPNAERGFHIHTFGDNTNGCTSAGPHFNPHGKTHGAPTDAARHVGDLGNIKTDGQGNAKGSVQDSHVKLIGPHSVVGRTVVVHGGTDDLGKGGNEESLKTGNAGPRPACGVIGVAN
Q8J0N3|reviewed|Superoxide dismutase [Cu-Zn]|taxID:45847,MVKAVCVLRGDAKVGGTVTFEQESESAPTTITYDLTGNDPNAERGFHIHTFGDNTNGCTSAGPHFNPHGKTHGAPTDAARHVGDLGNVKTDAQGNAKGSIQDSQVKLIGPHSVIGRTVVVHAGTDDLGKGGNEESLKTGNAGPRPACGVIGVAN
Q8L5E0|reviewed|Superoxide dismutase [Cu-Zn] 2|taxID:4146,MVKAVTVLNSSEGVTGTVYFTQEGDGPTTVTGNLSGLKPGLHGFHVHALGDTTNGCMSTGPHFNPVGKEHGAPGDENRHAGDLGNITVGEDGTAAINIVDKQIPLTGPHSIIGRAVVVHSDPDDLGRGGHELSKSTGNAGGRVACGIIGLQG
Q8WNN6|reviewed|Superoxide dismutase [Cu-Zn]|taxID:9615,MEMKAVCVLKGQGPVEGTIHFVQKGSGPVVVSGTITGLTEGEHGFHVHQFEDXTQGCTSAGPHFNPLSKKHGGPKDQERHVGDLGNVTAGKDGVAIVSIEDSLIALSGDYSIIGRTMVVHEKRDDLGKGDNEESTQTGNAGSRLACGVIGIAQ
Q8X1S6|reviewed|Superoxide dismutase [Cu-Zn]|taxID:5059,MVKAVAVRGDSKISGTVTFEQADANAPTTVSWNITGHDANAERAFHVHQFGDNTNGCTSAGPHFNPFGKEHGAPEDENRHVGDLGNFKTDAEGNAVGSKQDKLIKLIGAESVLGRTLVIHAGTDDLGRSEHPESKKTGNAGARPACGVIGIAA
Q90023|reviewed|Superoxide dismutase [Cu-Zn]|taxID:10506,MSLLPTGTLILLVLFILVLITMTKNTSSLNVTKPVSAIAVLEGPVKGTVRFVEESSKVKISVDISGLKPNRKHGFHVHEAGDLTDGCTSACAHFNPFGTAHGGPDSKIRHVGDLGNILADKNGKAKYSFYDSMIKLRGKCNIIGRAIVVHADTDDLGLGGNAESLKTGNAGKRIGCAVIGYAKENFC
Q95079|reviewed|Superoxide dismutase [Cu-Zn]|taxID:7229,INGDAKGTVFFEQETSEAPVKVTGEGLGLAKGLHGFHVHEFGDNTNGCMSSGPHFNPRNKEHGAPTDENRHLGDLGNIQAAGDSPTAVSITDSKITLFGADSIIGRTVVVHADA
Q95081|reviewed|Superoxide dismutase [Cu-Zn]|taxID:30013,INGDAKGIVFFEQETSEAPVKVTGEVLGLAKGLHGFHVHEFGDNTNGCMSSGPHYNPRNKEHGAPTDENRHLGDLGNIQAAGDSPTAVSITDSKITLFGADSIIGRTVVVHADA
Q95085|reviewed|Superoxide dismutase [Cu-Zn]|taxID:7282,INGDAKGTVFFEQETSEAPVKVTGEVLGLTKGLHGFHVHEFGDNTNGCMSSGPHFNPRSKEHGAPTDENRHLGDLGNIQAAGDSPTAVSITDSKITLFGADSIIGRTVVVHADA
Q95086|reviewed|Superoxide dismutase [Cu-Zn]|taxID:46245,MVKAVCVINGDAKGTVFFEQETSEAPVKVTGEVLGLAKGLHGFHVHEFGDNTNGCMSSGPHFNPRNKEHGAPTDENRHLGDLGNIQAAGDSPTAVSITDSKITLFGADSIIGRTVVVHADADDLGKGGHELSKTTGNAGARIGCGVIGIAKI
Q95087|reviewed|Superoxide dismutase [Cu-Zn]|taxID:46244,INGDAKGTVFFEQETSEAPVKVTGEGLGLAKGLHGFHVHEFGDNTNGCMSSGPHFNPRNKEHGAPTDENRHLGDLGNIQAAGDSPTAVSITDSKITLFGADSIIGRTVVVHADA
Q95088|reviewed|Superoxide dismutase [Cu-Zn]|taxID:7234,INGDAKGTVFFEQETSEAPVKVTGEGLGLAKGLHGFHVHEFGDNTNGCMSSGPHFNPRNKEHGAPTDENRHLGDLGNIQAAGDSPTAVSITDSKITLFGADSIIGRTVVVHADA
Q95095|reviewed|Superoxide dismutase [Cu-Zn]|taxID:7259,INGDAKGTVFFEQETSEAPVKVTGEVLGLTKGLHGFHVHEFGNNTNGCMSSGPHFNPGNKEHGAPTDGNRHLGDLGNIQAAGDSPTAVSITDSKITLFGANSIIGRTVVVHADA
Q96VL0|reviewed|Superoxide dismutase [Cu-Zn]|taxID:1111077,MVKAVAVLRGDAKVGGTVVFEQESESAPTTITWDITGNDANAKRGFHIHTFGDNTNGCTSAGPHFNPHGKTHGAPTDEARHVGDLGNLETDGQGNAKGSVKDEHVKLIGPHSVIGRTVVIHAGTDDLGKGDNEESLKTGNAGPRPACGVIGISS
Q9AGW2|reviewed|Superoxide dismutase [Cu-Zn]|taxID:262316,MPKLLPPVVLAGCVVALGACSSPQHASSLPGTTPAVWTGSPSPSGAGAAEAAPAAAPSITTHLKAPDGTQVATAKFEFSNGYATVTIETTANGVLTPGFHGVHIHKVGKCEPSSVAPTGGAPGDFLSAGGHFQAPGHTGEPASGDLTSLQVRKDGSGTLVTTTDAFTMEDLLGGRKTAIIIHAGADNFANIPAERYNQTNGTPGPDEMTMSTGDAGKRVACGVIGAG
Q9C0N4|reviewed|Superoxide dismutase [Cu-Zn]|taxID:552467,MVKAVAVLKGDSPVTGVITFTQEKEGAPVTVSGDIKNLDANAERGFHVHEFGDNTNGCTSAGPHFNPHGKNHGAPSDSERHVGDLGNVKTDGNGVASVNISDKSLSLFGPYSIIGRTIVVHAGTDDFGKGGNAESLKTGNAGARAACGVIGISN
Q9CBI6|reviewed|Superoxide dismutase [Cu-Zn]|taxID:272631,MSKLAGHRNVAAVTRSALSLSFVAACVALLSACIQNQPPATLPGTTPTVWTGSPAPSGMLGAEAESMGPPNIITRLNAPDGTQVATAKFEFNNGFATITIATTGVGHLAPGFHGVHIHKVGKCEPSSAGPTGGAPGDFLSAGGHFQVPGHTVEPASGNLTSLQVRKDGIGTLVTTTDAFTMNDLLAGQKTAIIIHAGADNFGNIPPERYSQVNGTPGPDATTISTGDAGKRVACGVIGAD
Q9FK60|reviewed|Superoxide dismutase [Cu-Zn] 3|taxID:3702,MEAPRGNLRAVALIAGDNNVRGCLQFVQDISGTTHVTGKISGLSPGFHGFHIHSFGDTTNGCISTGPHFNPLNRVHGPPNEEERHAGDLGNILAGSNGVAEILIKDKHIPLSGQYSILGRAVVVHADPDDLGKGGHKLSKSTGNAGSRVGCGIIGLQSSADAKL
Q9HEY7|reviewed|Superoxide dismutase [Cu-Zn]|taxID:227321,MVKAVAVLRGDSKVSGTVTFEQADENSNTTVSWNITGNDPNAERGFHIHQFGDNTNGCTSAGPHFNPFGKTHGAPEDEVRHVGDLGNFKTDAEGNSKGSKTDKLIKLIGAESVLGRTLVVHAGTDDLGRGDSEESKKTGNAGARPACGVIGIAA
Q9RU48|reviewed|Superoxide dismutase [Cu-Zn]|taxID:243230,MFRTLTVVPLLALGLSLSACADLGQPTVRADLLDQTGKVTGTATFSPSPIGTRVSIEVSGLKAGPHGLHIHENPNCNPGPDAQGQTIPFGAAGGHFDPGASHNHDGPHARNDQGHGGDLPMITVGEDGKGRLNFDTNRLKMTGPTGVLGRSIVIHADADDYQTNPAGNSGGRERCGVFQAIN
Q9SQL5|reviewed|Superoxide dismutase [Cu-Zn]|taxID:4615,MVKAVAVLGSSEGVKGTIYFTQEGDGPTTVTGSISGLKPGLHGFHVHALGDTTNGCMSTGPHFNPAGNEHGAPEDETRHAGDLGNVTVGEDGTVNVNIVDSQIPLSGSNSIIGRAVVVHADPDDLGKGGHELSKTTGNAGGRVACGIIGLQG
Q9U4X2|reviewed|Superoxide dismutase [Cu-Zn]|taxID:7243,MVVKAVCVINGDAKGTVFFEQESSETPVKVSGEVCGLAKGLHGFHVHEFGDNTNGCMSSGPHFNPYGKEHGAPVDENRHLGDLGNIEATGDCPTKVSITDSKITLFGADSIIGRTVVVHADADDLGQGGHELSKSTGNAGARIGCGVIGIAKV
Q9U4X3|reviewed|Superoxide dismutase [Cu-Zn]|taxID:7245,MVVKAVCVINGDAKGTVFFEQESSETPVKVSGEVCGLAKGLHGFHVHEFGDNTNGCMSSGPHFNPYGKEHGAPVDENRHLGDLGNIEATGDCPTKVSITDSKITLFGADSIIGRTVVVHADADDLGKGGHELSKSTGNAGARIGCGVIGIAKV
Q9U4X4|reviewed|Superoxide dismutase [Cu-Zn]|taxID:7220,MVVKAVCVINGDAKGTVFFEQESSETPVKVSGEVCGLAKCLHGFHVHEFGDNTNGCMSSGPHFNPHGKEHGAPVDENRHLGDLGNIEATGDCPTKVSITDSKITLFGADSIIGRTVVVHADADDLGKGGHELSKSTGNAGARIGCGVIGIAKV
Q9U4X5|reviewed|Superoxide dismutase [Cu-Zn]|taxID:7233,MVVKAVCVINGDAKGTVFFEQESSETPVKVSGEVCGLAKGLHGFHVHEFGDNTNGCMSSGPHFNPYGKEHGAPVDENRHLGDLGNIEATGDCPTKVSITDSRITLFGADSIIGRTVVVHADADDLGKGGHELSKSTGNAGARIGCGVIGIAKV
Q9Y8D9|reviewed|Superoxide dismutase [Cu-Zn]|taxID:330879,MVKAVAVLRGDSKITGTVTFEQADENSPTTVSWNIKGNDPNAKRGFHVHQFGDNTNGCTSAGPHFNPYGKTHGAPEDSERHVGDLGNFETDAEGNAVGSKQDKLIKLIGAESVLGRTLVVHAGTDDLGRGGNEESKKTGNAGARPACGVIGIAA
